Date,Open,High,Low,Close,Volume
2025-06-12,198.475,199.075,196.761,198.595,44038241
2025-06-13,199.125,199.762,195.106,195.854,51603908
2025-06-16,196.701,198.083,195.968,197.818,43151607
2025-06-17,196.601,197.788,194.618,195.046,38974395
2025-06-18,195.345,196.971,194.478,195.984,45532829
2025-06-20,197.633,201.088,196.258,200.39,97108155
2025-06-23,201.013,201.686,198.356,200.889,55984120
2025-06-24,201.975,202.822,199.592,199.692,54228555
2025-06-25,200.839,203.052,200.012,200.949,39646011
2025-06-26,200.819,202.025,198.855,200.39,50953707
2025-06-27,201.278,202.603,199.393,200.469,73411291
2025-06-30,201.398,206.761,198.656,204.548,92192516
2025-07-01,206.038,209.549,205.515,207.189,79028629
2025-07-02,208.276,212.693,207.509,211.795,68148564
2025-07-03,211.502,213.999,211.167,212.902,35062209
2025-07-07,212.035,215.574,208.166,209.313,50381835
2025-07-08,209.463,210.788,207.818,209.373,42979321
2025-07-09,208.894,210.689,206.592,210.5,48897715
2025-07-10,209.866,212.832,209.393,211.766,44578881
2025-07-11,209.926,211.487,209.223,210.52,39886823
2025-07-14,209.288,210.27,206.91,207.987,38958305
2025-07-15,208.586,211.247,208.286,208.476,42425050
2025-07-16,209.658,211.756,208.006,209.523,47635050
2025-07-17,209.931,211.157,208.953,209.383,48214417
2025-07-18,210.23,211.147,209.068,210.54,49123625
2025-07-21,211.457,215.125,210.988,211.835,51533780
2025-07-22,212.493,214.297,211.587,213.75,46545283
2025-07-23,214.347,214.497,211.766,213.5,47132293
2025-07-24,213.251,215.035,212.882,213.112,46162671
2025-07-25,214.049,214.587,212.753,213.231,40391322
2025-07-28,213.38,214.193,212.413,213.4,37973222
2025-07-29,213.525,214.158,210.18,210.629,51568174
2025-07-30,211.252,211.746,207.09,208.416,45651012
2025-07-31,207.858,209.203,206.532,206.94,80944004
2025-08-01,210.225,212.932,200.889,201.766,104752277
2025-08-04,203.884,207.249,201.063,202.732,75337863
2025-08-05,202.782,204.716,201.546,202.305,44289446
2025-08-06,205.006,214.727,204.966,212.603,108813227
2025-08-07,218.211,220.18,215.922,219.363,90499397
2025-08-08,220.16,230.3,218.584,228.654,114200436
2025-08-11,227.486,229.124,224.332,226.748,61923935
2025-08-12,227.571,230.36,226.638,229.214,55778413
2025-08-13,230.63,234.553,229.992,232.886,70011735
2025-08-14,233.609,234.672,230.41,232.338,52015228
2025-08-15,233.554,233.834,228.899,231.15,56145467
2025-08-18,231.26,232.676,229.672,230.45,37547618
2025-08-19,230.835,232.427,228.914,230.122,39477665
2025-08-20,229.542,230.032,225.34,225.58,42344420
2025-08-21,225.84,226.089,223.355,224.472,30679612
2025-08-22,225.74,228.654,224.981,227.326,42558773
2025-08-25,226.049,228.864,225.8,226.728,31042186
2025-08-26,226.438,229.054,224.262,228.874,54679127
2025-08-27,228.175,230.46,227.826,230.052,31319093
2025-08-28,230.38,232.966,228.899,232.118,38147270
2025-08-29,232.068,232.936,230.93,231.698,39493568
2025-09-02,228.814,230.41,226.538,229.283,44159646
2025-09-03,236.758,238.396,233.914,238.016,66554447
2025-09-04,237.996,239.444,236.29,239.324,47640058
2025-09-05,239.539,240.861,238.036,239.234,54974980
2025-09-08,238.845,239.693,235.89,237.428,49092888
2025-09-09,236.549,238.326,232.916,233.904,66440313
2025-09-10,231.743,231.978,225.52,226.358,83599849
2025-09-11,226.443,230.012,226.219,229.592,50304275
2025-09-12,228.784,234.064,228.584,233.624,55930617
2025-09-15,236.549,237.737,234.582,236.25,42780909
2025-09-16,236.723,240.761,235.874,237.697,63541980
2025-09-17,238.516,239.643,237.278,238.536,46596661
2025-09-18,239.514,240.741,236.2,237.428,44333916
2025-09-19,240.766,245.831,239.754,245.033,164053408
2025-09-22,247.828,256.151,247.648,255.593,105718533
2025-09-23,255.388,256.851,253.097,253.946,60390072
2025-09-24,254.735,255.253,250.563,251.83,42384340
2025-09-25,252.724,256.681,251.233,256.381,55307290
2025-09-26,253.612,257.11,253.297,254.974,46164079
2025-09-29,254.075,254.515,252.529,253.946,40204170
2025-09-30,254.37,255.432,252.629,254.145,37776123
2025-10-01,254.555,258.297,254.445,254.964,48806788
2025-10-02,256.087,257.689,253.667,256.641,42711492
2025-10-03,254.18,258.747,253.467,257.529,49249304
2025-10-06,257.499,258.577,254.565,256.201,44749247
2025-10-07,256.316,256.911,254.944,255.992,32016683
2025-10-08,256.032,258.029,255.623,257.569,36566458
2025-10-09,257.314,257.509,252.659,253.557,38395053
2025-10-10,254.455,255.893,243.536,244.803,62117269
2025-10-13,248.905,249.215,245.093,247.189,38215642
2025-10-14,246.131,248.372,244.234,247.299,35545606
2025-10-15,249.01,251.341,246.999,248.866,33958212
2025-10-16,247.778,248.566,244.664,246.979,39852789
2025-10-17,247.548,252.898,246.8,251.81,49240635
2025-10-20,255.398,263.872,255.143,261.741,90655491
2025-10-21,261.381,264.785,261.331,262.271,46784950
2025-10-22,262.151,262.35,254.944,257.959,45101053
2025-10-23,259.445,260.125,257.519,259.087,32817372
2025-10-24,260.693,263.627,258.687,262.32,38326628
2025-10-27,264.376,268.608,264.147,268.299,44973709
2025-10-28,268.474,269.377,267.64,268.488,41613924
2025-10-29,268.763,270.894,266.602,269.187,51184113
2025-10-30,271.473,273.619,267.969,270.884,70019738
2025-10-31,276.463,276.792,268.648,269.855,86331358
2025-11-03,269.905,270.335,265.743,268.538,50290254
2025-11-04,267.814,270.969,267.106,269.526,49368764
2025-11-05,268.099,271.183,266.422,269.626,43766331
2025-11-06,267.381,272.88,267.381,269.257,51301640
2025-11-07,269.282,271.772,266.263,267.959,48319287
2025-11-10,268.709,273.474,267.205,269.178,41351068
2025-11-11,269.558,275.652,269.548,274.993,46251556
2025-11-12,274.743,275.472,271.446,273.214,48443269
2025-11-13,273.854,276.44,271.836,272.695,49649208
2025-11-14,270.797,275.702,269.348,272.155,47475713
2025-11-17,268.564,270.237,265.482,267.21,45060384
2025-11-18,269.738,270.457,265.072,267.19,45720019
2025-11-19,265.277,271.956,265.252,268.309,40462318
2025-11-20,270.577,275.173,265.671,266.001,45866446
2025-11-21,265.701,273.074,265.422,271.236,59086068
2025-11-24,270.647,276.741,270.647,275.662,65647166
2025-11-25,275.013,280.118,274.993,276.711,46958118
2025-11-26,276.701,279.269,276.371,277.291,33462705
2025-11-28,277.001,278.739,275.728,278.589,20154461
2025-12-01,277.75,283.155,275.882,282.835,46631315
2025-12-02,282.735,287.131,282.366,285.922,53719751
2025-12-03,285.932,288.35,283.035,283.884,43579427
2025-12-04,283.829,284.464,278.33,280.438,44030217
2025-12-05,280.278,280.877,277.79,278.519,47310072
2025-12-08,277.87,279.408,275.892,277.63,38247587
2025-12-09,277.9,279.768,276.661,276.921,32223379
2025-12-10,277.49,279.488,276.182,278.519,33069232
2025-12-11,278.834,279.329,273.554,277.77,33279096
2025-12-12,277.64,278.959,276.561,278.02,39569878
2025-12-15,279.888,279.888,272.585,273.854,50456246
2025-12-16,272.565,275.242,271.536,274.353,37683856
2025-12-17,274.753,275.902,271.386,271.586,50185658
2025-12-18,273.349,273.374,266.7,271.936,51679033
2025-12-19,271.891,274.343,269.648,273.414,144767383
2025-12-22,272.605,273.624,270.252,270.717,36606048
2025-12-23,270.587,272.245,269.308,272.105,29669735
2025-12-24,272.085,275.173,271.941,273.554,17927333
2025-12-26,273.904,275.113,272.605,273.144,21541940
2025-12-29,272.435,274.104,272.095,273.504,23737403
2025-12-30,272.555,273.824,272.025,272.825,22160333
2025-12-31,272.805,273.424,271.496,271.606,27319178
2026-01-02,272,277.58,268.749,270.757,37873459
2026-01-05,270.387,271.256,265.891,267.01,45689903
2026-01-06,266.75,267.3,261.875,262.115,52401077
2026-01-07,262.954,263.433,259.567,260.087,48355008
2026-01-08,256.78,259.048,255.461,258.798,50466515
2026-01-09,258.833,259.967,255.98,259.128,40034393
2026-01-12,258.918,261.056,256.56,260.007,45306121
2026-01-13,258.478,261.565,258.148,260.806,45773638
2026-01-14,259.247,261.575,256.47,259.717,40056868
2026-01-15,260.406,260.796,256.81,257.969,39425420
2026-01-16,257.659,258.658,254.692,255.291,72210278
2026-01-20,252.494,254.552,243.192,246.469,80342625
2026-01-21,248.468,251.325,244.951,247.418,54692854
2026-01-22,248.967,250.765,247.918,248.118,39745496
2026-01-23,247.089,249.177,244.451,247.808,41727991
2026-01-26,251.245,256.32,249.566,255.171,56021605
2026-01-27,258.928,261.705,257.969,258.029,49694728
2026-01-28,257.409,258.613,254.272,256.2,41326605
2026-01-29,257.759,259.407,254.172,258.039,67315939
2026-01-30,254.926,261.655,251.944,259.237,92529909
2026-02-02,259.787,270.237,258.963,269.758,73982587
2026-02-03,268.948,271.621,267.36,269.228,64454910
2026-02-04,272.03,278.689,272.03,276.232,90630435
2026-02-05,277.87,279.239,272.975,275.652,53027013
2026-02-06,276.861,280.642,276.666,277.86,50500624
2026-02-09,277.905,278.2,271.7,274.62,44623396
2026-02-10,274.885,275.37,272.94,273.68,34376898
2026-02-11,274.695,280.18,274.45,275.5,51931283
2026-02-12,275.59,275.72,260.18,261.73,81077229
2026-02-13,262.01,262.23,255.45,255.78,56290673
2026-02-17,258.05,266.29,255.54,263.88,58469094
2026-02-18,263.6,266.82,262.45,264.35,34203337
2026-02-19,262.6,264.48,260.05,260.58,30845294
2026-02-20,258.97,264.75,258.16,264.58,42070499
2026-02-23,263.49,269.43,263.381,266.18,37308200
2026-02-24,267.86,274.89,267.71,272.14,47014619
2026-02-25,271.78,274.94,271.05,274.23,33714342
2026-02-26,274.945,276.11,270.795,272.95,32191569
2026-02-27,272.81,272.81,262.89,264.18,72232024
2026-03-02,262.41,266.53,260.2,264.72,41827946
2026-03-03,263.48,265.56,260.13,263.69,38568921
2026-03-04,264.65,266.15,261.42,262.45,39803119
2026-03-05,260.79,261.555,257.25,260.25,49658626
2026-03-06,258.63,258.77,254.37,257.46,41120042
2026-03-09,255.69,261.15,253.68,259.89,38218533
2026-03-10,257.645,262.48,256.95,260.72,30590765
2026-03-11,261.09,262.13,259.55,260.81,26218927
2026-03-12,258.66,258.95,254.18,255.76,40794020
2026-03-13,255.48,256.33,249.52,250.12,36929988
2026-03-16,252.105,253.885,249.88,252.82,32074210
2026-03-17,252.955,255.13,252.18,254.23,32361607
2026-03-18,252.625,254.94,249,249.94,35757874
2026-03-19,249.4,251.83,247.3,248.96,34864082
2026-03-20,247.975,249.199,246,247.99,88331081
2026-03-23,253.97,254.6,250.28,251.49,40546109
2026-03-24,250.35,254.825,249.55,251.64,45152288
2026-03-25,254.095,255,251.6,252.62,28476668
2026-03-26,252.115,257,250.77,252.89,41796650
2026-03-27,253.9,255.493,248.07,248.8,47899998
2026-03-30,250.07,250.87,245.51,246.63,39446213
2026-03-31,247.91,255.48,247.101,253.79,49598091
2026-04-01,254.08,256.18,253.33,255.63,40059432
2026-04-02,254.2,256.13,250.65,255.92,31289369
2026-04-06,256.51,262.16,256.46,258.86,29329911
2026-04-07,256.155,256.2,245.7,253.5,62148008
2026-04-08,258.45,259.7499,256.53,258.9,41032772
2026-04-09,259,261.12,256.07,260.49,28121574
2026-04-10,259.98,262.19,259.02312,260.48,31291473
2026-04-13,259.73,260.18,256.66,259.2,36234698
2026-04-14,259.245,261.93,257.19,258.83,48370710
2026-04-15,258.16,266.56,257.81,266.43,49913510
2026-04-16,266.8,267.16,261.27,263.4,43323112
2026-04-17,266.96,272.3,266.72,270.23,61436228
2026-04-20,270.33,274.275,270.29,273.05,36590169
2026-04-21,271.5,272.8,265.4,266.17,50209755
2026-04-22,267.82,273.74,266.87,273.17,43249204
2026-04-23,275.045,275.77,271.65,273.43,33399639
2026-04-24,272.755,273.06,269.65,271.06,38157110
2026-04-27,266.09,268.36,265.07,267.61,41466762
2026-04-28,272.335,273.23,268.66,270.71,40018940
2026-04-29,267.55,271.04,267.04,270.17,30047869
2026-04-30,270.5,276,268.14,271.35,91848230
2026-05-01,278.855,287.22,278.37,280.14,79915442
2026-05-04,279.655,280.63,274.8601,276.83,46668401
2026-05-05,276.925,284.57,276.501,284.18,49311712
2026-05-06,281.915,288.03,281.07,287.51,58336072
2026-05-07,289.27,292.13,285.78,287.44,45224300
2026-05-08,290.01,294.76,290,293.32,52692761
2026-05-11,291.979,293.88,290.23,292.68,42247285
2026-05-12,292.56,295.27,292.56,294.8,45748129
2026-05-13,293.5,300.92,293.5,298.87,52684260
2026-05-14,299.82,300.45,295.38,298.21,35324922
2026-05-15,297.9,303.2,296.52,300.23,54862836
2026-05-18,300.24,300.66,294.91,297.84,34482959
2026-05-19,296.97,300.51,296.35,298.97,42243561
2026-05-20,298.18,302.8,298.08,302.25,38229843
2026-05-21,301.055,305.54,300.4,304.99,42965126
2026-05-22,306.12,311.4,305.84,308.82,43670223
2026-05-26,309.56,311.82,307.67,308.33,48000493
2026-05-27,308.33,313.26,308.3,310.85,50430919
2026-05-28,310.68,312.8,309.57,312.51,48220390
2026-05-29,311.775,315,309.53,312.06,70026752
2026-06-01,309.625,310.94,305.02,306.31,48849933
2026-06-02,307.46,315.45,306.685,315.2,44534716
2026-06-03,314.175,316.94,308.85,310.26,50836705
2026-06-04,313.23,313.54,309.65,311.23,44869134
2026-06-05,312.86,315.17,307.15,307.34,65310502
2026-06-08,308.739,317.4,301.17,301.54,77949082
2026-06-09,300.275,300.75,287.78,290.55,70108847
2026-06-10,290.74,294.75,287.38,291.58,52793266
2026-06-11,293.72,297,289.59,295.63,42572497
